Batch_ID,T80
Test-01,53.14440567
Test-02,51.63323211
Test-03,52.68659091
Test-04,55.06748616
Test-05,53.7536427
Test-06,50.38671832
Test-07,51.52372845
Test-08,53.04530661
Test-09,51.88787807
