Batch_ID,T80
Test-01,67.84426913
Test-02,50.3310108
Test-03,59.95717236
Test-04,48.59608134
Test-05,31.61955574
Test-06,59.94283305
Test-07,60.31344043
Test-08,5.29513714
Test-09,22.21708409
